Name,PredLasso,PredRF,PredKNN,PredSVM,OldRating,AvgPred
Auf der Walz,6.823854883582603,7.307666201999997,6.1925419999999995,6.64750113843689,5.53297,6.742891056004873
Yummy Yummy Pancake,5.993176606101044,6.412829361176481,6.313154,6.004569097942188,5.48779,6.180932266304929
Clusterfight!,5.946700800537705,6.179075800000005,6.049622000000001,6.046600473729933,5.52187,6.055499768566911
Rhett & Link's We're Still Good Game,5.8491480187084095,6.862030839999995,5.9621580000000005,6.63240587997353,5.50238,6.326435684670483
Imperial Tide: The Great War 1914-1918,6.925670873914967,7.127860211111112,6.537052,7.09462117302404,5.60447,6.92130106451253
Geared: Build Your Bike,6.372163777862601,6.388383740000002,6.643040000000001,6.505357515311637,5.49699,6.47723625829356
Rescue Polar Bears,6.871495785621373,7.04528783115385,6.3019300000000005,6.950114719631759,5.5655,6.792207084101746
Leuthen: Frederick's Greatest Victory,7.413473496868741,7.343523700000001,6.466162,7.120146993636548,5.6033,7.085826547626323
Castle Dash,6.54627295818022,6.497390429933747,6.3940660000000005,6.308166507309088,5.49517,6.4364739738557635
Zombie Life,6.257854111698039,6.406296640000009,6.323952,6.15316275778642,5.51737,6.285316377371117
Perplexus Rookie,6.44625097601443,6.46826086648351,6.109876000000002,6.2409618913595715,5.56402,6.316337433464379
Giftbringer,6.4381269082527,7.115732019999995,6.52381,6.475545981546698,5.52262,6.638303727449848
Sssnake: Flip&Write,6.493853976090062,6.743847901176474,6.376186000000001,6.916241869828758,5.51026,6.632532436773824
Star Wars: Rescue on Geonosis,6.283027015465704,6.379099056329057,6.071322,6.149361706934009,5.47664,6.220702444682193
Pigasus,6.195585178749372,6.336138521176477,6.4398979999999995,6.37950744436126,5.54416,6.337782286071777
Wild Gardens,7.802215251463865,7.188271159999999,6.584721999999999,7.4432447714828935,5.62107,7.254613295736689
Book of Dragons,6.559411318157214,6.737295796666665,6.3727339999999995,6.926365137142893,5.50904,6.648951562991693
The Prestel New York Architecture Game,6.235665388951107,6.181745133654754,6.010674,6.315658847285845,5.51315,6.185935842472927
CLUE: Dungeons & Dragons,6.431735172072371,6.769643659999998,6.109612,6.486851773117535,5.50837,6.449460651297477
Quits,6.297319437355867,6.19552589166667,6.140992,5.731768006472755,5.516,6.091401333873823
The Great Patriotic War: Nazi Germany vs. the Soviet Union,6.938318489822166,6.7565485121212125,6.515046000000001,6.938556838481123,5.51435,6.787117460106126
CubiCup,6.3987923688156725,6.412453619190461,5.666034000000001,6.244742593016214,5.51006,6.180505645255588
Wild Kratts Race Around the World,5.658713368523317,6.324677039999996,6.239914000000001,6.24116767266613,5.45384,6.11611802029736
"Mine, All Mine!",6.248497933512941,6.813492340000003,6.199908000000001,6.17668707149004,5.51266,6.359646336250746
O Jogo da Enciclopédia,5.9614018256467505,6.149245574461526,6.501828000000001,6.39545637739608,5.50846,6.251982944376089
Tough Calls: Dystopia,6.600338604825572,6.738698636666658,6.092992000000001,6.871944613789033,5.58683,6.575993463820316
Detective Rummy,5.959037323387667,6.561361720000001,6.313854,6.4582360112637245,5.49175,6.323122263662849
Prince of Chaos: Battle for Tae Orn,7.308349630620366,7.431011700000004,5.984018000000001,6.535044899032603,5.52258,6.814606057413243
Puerto Diablo,6.813206406801252,6.785866165333336,6.3619900000000005,6.781452969533573,5.51684,6.6856288854170405
I Spy Memory Game,6.008730457334416,6.162319993043473,5.982298,6.187528799728008,5.47624,6.085219312526474
The Secret Flower,5.837162879913078,6.540768879999998,6.208418,6.737447601226502,5.5231,6.330949340284895
Legions of Steel,7.238273216536739,6.809460984615389,6.660054000000001,6.856842085089807,5.58049,6.891157571560483
Science Ninjas: Valence,6.501327857382151,6.721032708888905,6.624034,6.40489715650471,5.52456,6.562822930693942
Magic: The Gathering – Duel Decks: Elspeth vs. Kiora,6.8112797934352765,7.072617164857152,6.20174,6.387514384306948,5.53324,6.618287835649845
Yōkai Quest,6.495935535946824,6.756101241176475,6.23948,6.679556313447679,5.51275,6.542768272642745
Garbage,6.079733953094164,5.518831953043476,6.353630000000001,6.320262378605316,5.46847,6.068114571185738
Summit,6.694458328459643,6.274083142121202,6.343632,6.6989857798897425,5.51176,6.502789812617647
Farsight,7.2792469249848555,7.488170453333335,6.140248,6.751854413255279,5.51692,6.9148799478933665
Electro,5.931496223621401,5.451356773043481,5.7087319999999995,6.349718309977034,5.46523,5.860325826660478
Tatort Meer Fall 1: Die Vogelinsel,6.868475075553435,7.200910440000002,6.337206,7.069775780293402,5.55771,6.86909182396171
Gigi Gnomo,6.055946258863835,6.295747800000011,6.212684,5.955186563205008,5.51269,6.129891155517213
Odd Shop,5.91340370933755,6.4510729200000085,6.072704,6.2821613868304125,5.52307,6.179835504041994
Widower's Wood: An Iron Kingdoms Adventure Board Game,7.0866863413711885,7.634176099999998,6.491646,6.761321600099888,5.56488,6.993457510367768
Noggin,6.27497431725575,6.453823561176476,6.471052,6.41317056548245,5.5373,6.403255110978669
Paul Koenig's Market Garden: Nijmegen Bridge,6.582409933606597,6.62359473630369,6.443486,6.858373948750699,5.53272,6.626966154665246
Mission Control: Critical Orbit,6.762279804883056,7.14480869416666,6.634555999999999,6.588365078202976,5.57486,6.782502394313173
The Baton Races of Yaz,6.2961568984159495,6.164312477999998,6.025035999999999,5.895790251697752,5.49944,6.095323907028424
Snarf Quest,6.341545645189019,6.356335139999992,6.282482,6.2292550447023105,5.49397,6.3024044574728295
Brexit: The Real Deal,6.279171492164989,6.361547040000007,6.178416,6.365701490672259,5.46921,6.296209005709313
Doktor Igel,5.977956498690981,6.047236808384371,6.373738,6.341613257178108,5.5034,6.1851361410633645
Nieuport 1600,6.700580504414109,6.880462330256134,6.412483999999999,6.989555840153024,5.53157,6.745770668705816
Kingdom Hearts TCG,6.193687527450006,6.211263976999988,6.663759999999999,6.574781900081062,5.50338,6.410873351132764
Deluxe Camping,6.265491565216913,6.431674293461528,6.152858,6.0379699161292635,5.53077,6.221998443701926
Mighty Warriors,5.965972960221486,6.199039817043474,6.4199280000000005,6.0859269045457935,5.49758,6.167716920452689
Kreta 1941,6.748620559719126,6.734494659010994,6.759507999999999,6.7847539480754655,5.50824,6.756844291701396
Numbers Up,6.286817634392407,5.487107253043492,6.125898000000001,6.330304791207704,5.49056,6.057531919660901
Redcliff Bay Mysteries,6.602703746765917,6.929973759999998,6.681924,6.613331622122112,5.54953,6.706983282222007
Battle Spirits: Trading Card Game,6.151408227155434,6.3606741099999935,5.984336,6.263085883478334,5.51923,6.1898760551584395
How to Host a Murder: The Watersdown Affair,6.618723507986649,6.835253666153849,6.592448,6.7566902869881105,5.5274,6.700778865282152
Gates of Mara,7.058668835722805,7.426716998461536,6.441862,6.749120261909991,5.55585,6.919092024023583
The Longest Trench,6.810624499845001,7.021129264985989,6.346602,6.968893254597665,5.54385,6.786812254857164
Lino,6.634283162282867,6.993999737681315,6.637510000000001,6.556364412485104,5.5496,6.705539328112321
Agricola Express,6.534519982881249,6.544763260000001,6.2521320000000005,6.45335878748845,5.53095,6.446193507592425
Ultimate Werewolf: Extreme,6.781834609423212,7.162767192000004,6.174477999999999,6.6569556894881865,5.63146,6.69400887272785
The War of the Worlds: England,6.626529109381321,7.130422673296705,6.241656000000001,6.766936330168956,5.59154,6.691386028211746
Wonky: The Unstable Adult Party Game,6.516161415588572,6.412363741176476,5.889318,6.603161182018981,5.52025,6.3552510846960075
Button Soccer,6.556498517378644,5.938203899999999,6.6110440000000015,6.630098647643901,5.55678,6.433961266255637
Owly Tribe,6.268476068098474,6.448110400000006,6.579022,6.613063854775887,5.51041,6.477168080718592
Kookaburra Game,5.835743924511365,6.031152153552447,5.894468000000001,5.935623674734148,5.49418,5.924246938199491
Urban Panic,6.588046221655253,6.856144734628492,6.167658000000001,6.500675274794736,5.50515,6.52813105776962
MOD X,6.417667426805736,6.741914398250004,6.421088,6.219462372531007,5.54545,6.450033049396687
Irány a Kincses Sziget!,6.5474360357857755,6.690057700000008,6.192950000000001,6.827455574974896,5.50697,6.564474827690169
Jeopardy! Simpsons Edition,6.28003407970127,6.2425312228205065,6.144722000000001,6.2725426418542884,5.4822,6.234957486094016
"Warhammer 40,000: First Strike",6.948361401013537,7.061131533333332,6.502312000000001,6.766035451138034,5.545,6.819460096371226
Ochs & Esel,6.275990254407432,6.176216513043477,6.595434,6.385868122393354,5.52762,6.358377222461066
Artifact,6.766762463037554,6.2842448661538475,6.096786,6.857034871703066,5.50753,6.501207050223616
Turtle Splash!,6.304325638208693,6.373261220000013,6.340684,6.44243735346088,5.57161,6.365177052917396
Hepta,6.326052590237261,5.585355660000005,6.105682,6.032054653071102,5.49899,6.012286225827092
Petri Dish,6.488351097151628,6.815410957843144,6.308258,6.300606941318414,5.51698,6.4781567490782965
Pencil Park,6.731377810453717,6.890093960000011,6.283426,6.806739476327124,5.53913,6.677909311695213
Trainsport: Switzerland,6.8905938352588345,6.968865694909973,6.2768,6.665491430824578,5.51336,6.700437740248346
Banquet Royal,6.364704119316869,6.394951050769236,6.141579999999999,6.497949898701777,5.5102,6.34979626719697
Gatenkaas,6.0798105953626855,6.617280521176475,5.77279,6.189058003384686,5.50515,6.164734779980961
The Treasure of Montecristo Island,5.8882754706503055,6.483411480000004,6.2258320000000005,6.086177451682143,5.50919,6.170924100583114
Unconditional Surrender,7.0751460795929475,6.841874395608393,6.802466,7.106475968081162,5.49736,6.956490610820626
Ruweisat Ridge: The First Battle of El Alamein,6.6607523959047015,6.476870357090914,6.6219920000000005,6.74466547544851,5.52194,6.626070057111032
Chutes Away!!!!!,6.179473320191806,5.280535300000011,6.547248000000001,6.570202822064976,5.49879,6.144364860564199
Floral,6.680633172332073,6.779763521176483,6.5876660000000005,6.725804679844987,5.52626,6.693466843338386
Magic: The Gathering – Game Night,7.122477577043704,7.0696302913333335,6.113370000000001,6.5457690073894,5.57761,6.71281171894161
Googly Eyes,5.7984963060274195,6.054764539999992,6.393826000000001,6.270610778628141,5.4493,6.1294244061638885
Construction Zone,6.286023466881749,6.614908099860144,6.11224,6.110920742066769,5.52224,6.281023077202166
Pipeline: The Oil Game,6.494751881332934,6.159986902134388,6.30463,6.327848633178343,5.48901,6.321804354161417
Dragon Whisperer,6.53585356678489,6.569839910769226,6.386244,6.652177773240562,5.49211,6.53602881269867
Big Brother: The Game,5.892595582392181,6.01150100666666,6.260313999999999,5.838299112277025,5.43686,6.000677425333966
Draw Out,6.088527292259437,6.111479105238085,6.537093999999999,6.278517130505413,5.47471,6.253904382000734
Monopoly Town,5.497945175604275,6.2746766979999995,5.6839640000000005,5.898568479202117,5.47725,5.838788588201599
Creepy Freaks,5.929511443745267,6.050826499999992,6.144086,6.249192767921634,5.4717,6.093404177916723
Luftschiff,7.326106534623074,7.2396574533333276,6.346318,7.047841137022008,5.55631,6.989980781244602
Terminator Genisys: The Miniatures Game – The War Against The Machine,6.792951217779406,7.206830064952375,6.460834,6.482847493770212,5.56669,6.735865694125498
The Moscow Option: Guderian's Gambit,6.641481192411154,6.76460520615385,6.307294000000001,6.667258877275663,5.50903,6.595159818960168
Age of Soccer,6.329182107022449,6.625842377843138,6.4503900000000005,6.4243427308892835,5.49004,6.457439303938718
Tuppfehler,6.18820475456183,6.420861096666676,6.209914,6.377896231417679,5.53503,6.299219020661546
Reverse Charades Junior Edition,6.542922219722296,6.567426131255604,6.35025,6.2375354313642255,5.52604,6.424533445585531
Vira,7.270807567921985,7.28089586000001,6.4113880000000005,6.579903234520197,5.52395,6.8857486656105475
"Trust Me, I'm a Doctor",6.051653274281575,6.488916688666675,6.208360000000001,6.746640491059347,5.4883,6.3738926135019
Rainbow 35,6.028182828501814,6.393574661176485,6.21019,6.385828243007997,5.50237,6.254443933171574
Desolated: Duel,6.66642498755881,7.15168162282051,6.348286,6.452918283923936,5.49731,6.6548277235758135
Code Breaker,6.577652674183525,6.402126473929257,6.661798,6.836694223197949,5.50121,6.619567842827682
Zampa La Granja,6.1536594424296895,6.3748916600000065,6.02241,6.464588757700314,5.52032,6.253887465032502
Aztack,6.356249628111167,6.689386911945697,6.227036,6.385939131973452,5.50834,6.414652918007579
Teraforming,6.484794430022916,6.363012571999994,6.293808,6.7599218256227775,5.48518,6.475384206911421
Texas Zombies,6.528036484224224,6.554327874849497,6.189248,6.346305677353373,5.50136,6.404479509106773
Visby,6.325787305244974,6.708777699999999,6.0044699999999995,6.563135883580221,5.53963,6.400542722206298
Search & Destroy: Tactical Combat Vietnam – 1965-1966,7.3245134313987545,7.001065566666668,6.138116,6.959490547772183,5.53531,6.855796386459401
Rock Paper Scissors,5.868865754973535,5.172634160000007,6.342808,6.140193877329955,5.43849,5.881125448075874
DUOS,6.425364658809878,6.775894752000001,6.2366220000000006,6.663061065421092,5.55711,6.525235619057743
Dragon's Cave,6.196702187297904,6.641671408666666,6.346716,6.215073260476843,5.55877,6.350040714110353
Legitimacy,5.839618248854337,6.2471557207865605,5.96325,6.172034685413046,5.49123,6.055514663763486
Monopoly: Klingon Edition,6.135196231968842,6.638537780000007,6.124426,6.188511718846425,5.50146,6.271667932703818
Schweine-Würfeln,5.965039440384856,5.57417656,6.182572,6.124959151252594,5.48182,5.961686787909362
Rum Rebellion,6.25246763080972,6.001889446666664,5.959058000000001,6.1191617273036085,5.48531,6.083144201194998
Veleno,6.258145821906121,6.160981304666668,5.989974,6.384121189822082,5.54261,6.198305579098718
Bank Heist,6.838568590272395,7.062286177843144,6.650956000000001,6.774430369115813,5.54821,6.831560284307838
Witchcraft: Moonlight Magic,6.336609878208525,6.418925881176479,6.5043880000000005,6.6909298520951435,5.52787,6.487713402870037
Ninja vs Robot,6.180661100186088,6.272650752000005,6.29148,6.419095104869857,5.49382,6.290971739263988
Borodino '41,6.658231743541643,6.775659420000006,6.242232,6.718271281359975,5.51887,6.598598611225405
Les deux Bretagne: La guerre de succession 1341-1364,6.955403426848742,6.742010987256138,6.359976,6.804668206047489,5.53387,6.715514655038092
Terra Pyramides,7.034855493942959,7.195188271111105,6.71645,6.676780572049367,5.59882,6.905818584275858
Zorro,6.125916045792443,6.09695852471014,6.406374,6.291115752351958,5.48712,6.230091080713635
Moeraki: Kemu,6.708686272121612,7.071693441180374,5.91352,6.195630778730567,5.5642,6.472382623008139
Counting Zzzzs,6.004033441633099,6.028557733043482,6.053068,6.2088274455607895,5.50372,6.073621655059342
Keops,7.326875902132891,7.713645119999996,6.529074,7.180458497508029,5.55735,7.187513379910229
Cirondo,6.924555024725496,6.919373896000004,6.398028000000001,6.325053494538184,5.50124,6.641752603815921
All Hands On Deck,6.014250773126566,6.297286076666669,6.222150000000001,6.088296965287296,5.49317,6.155495953770132
Pyramid: Home Game,6.285469877883822,5.7397891730434765,6.250013999999999,6.13482405744254,5.53322,6.102524277092459
Nichtlustig: Noch mehr Labor Chaos,5.809584990984964,6.2753062316666846,5.927086000000001,6.0084770705722015,5.5164,6.005113573305963
Backwoods,6.9924503064998,7.061825772937719,6.981874,6.8155589333114115,5.53107,6.962927253187233
Annihilator / OneWorld,6.342486290943505,5.897312351376806,6.332532,6.607634150121643,5.4713,6.2949911981104885
Legacy of Thracks: The Awakening,7.383316164693924,7.693991340000007,6.4992339999999995,7.187408375317123,5.51825,7.190987470002763
Baronda,6.943344155110003,7.0786759257142755,6.15217,6.567348208305863,5.53845,6.685384572282535
Rummy Rumble,6.559418240287388,6.2887764884281,6.612711999999999,6.375693033071748,5.48586,6.4591499404468085
GOPS,6.318373307032608,6.157616420543459,6.379098000000001,6.255128483718241,5.51268,6.277554052823578
The Last Starfighter Combat Game,6.648536815264832,5.982234073043486,6.462210000000001,6.725282264401736,5.50654,6.454565788177513
Crusoe's Planet,6.714269074615047,6.777292243451161,6.310504,6.752869420929817,5.53016,6.638733684749005
Firefly: Fistful of Credits,6.551010176519393,7.01926426566668,6.236190000000001,6.474865860614562,5.49083,6.570332575700158
Free at Last,6.724391586081521,7.273741034820516,6.423388,6.819814104899664,5.47592,6.810333681450425
Die Schule der magischen Tiere: Nicht zu fassen!,5.854330771235528,6.368673220000001,6.2092600000000004,6.187136950543416,5.49818,6.154850235444736
Casanova,6.158285443662375,6.144260346110133,6.253822,6.13435844345734,5.47544,6.172681558307462
POWERUP,6.769339570936934,7.057048724999998,6.6845500000000015,6.808106001246682,5.53589,6.829761074295903
Scurvy Dice,5.719842834639703,6.33326238000001,6.469596,6.007794425197037,5.51973,6.132623909959188
DETHRONED: The Real-Time Combat Card Game,6.467052182569811,6.730581760000001,6.535438000000001,6.441571579574671,5.52492,6.543660880536121
KIPP X,6.344620526182204,6.441591460000001,6.342134,6.323954511966246,5.55216,6.363075124537112
Tower Up,6.676777201462759,7.094164683809522,6.22086,6.325624463539816,5.5975,6.579356587203025
Cookie Fu,6.225779463061807,6.2085961266666745,6.280934,6.450271240084423,5.5069,6.291395207453227
Rubik's Illusion,6.360648683071641,6.172584286666664,5.541098,5.995148167077328,5.51709,6.0173697842039084
King Toad,5.713026855238709,5.968977267499994,6.453094,6.313797950478279,5.47563,6.1122240183042456
Bloody 110,7.179120284396757,7.041374560000004,6.816046,7.084352685700308,5.55084,7.030223382524268
Cartooner: The Fast & Furious Game of Drawing Comics,6.290932020067229,6.4586774400000015,6.064038,6.1159342283659655,5.52354,6.232395422108299
Ogre Miniatures,6.839395762057413,6.522724255384619,6.133928,6.747768888437937,5.59651,6.560954226469992
"The First Afghan War, 1839-42",6.77945674535054,6.852289372301585,6.300908,6.7677035348064845,5.52019,6.675089413114652
Slasher: The Final Cut,6.373281708635896,5.930493820000009,6.127108,6.1908650322968946,5.50408,6.155437140233199
Imperial Stars II,6.816214717791847,7.004987464857142,6.289054,6.63786815994837,5.5905,6.687031085649339
Suleiman the Magnificent,6.734403059059876,6.8966199308534755,6.340135999999999,6.992530191562496,5.53945,6.740922295368961
Too Many Cooks,6.234301118673029,6.191091296666663,6.179056,6.24846535395745,5.50194,6.213228442324286
Samurai Vassal,6.499975147018661,6.7659419800000045,6.316478,6.821837567586435,5.5259,6.601058173651275
Absolute Victory: World Conflict 1939-1945,7.198805981138284,7.467865200000001,6.7148699999999995,7.129484439342472,5.58274,7.127756405120189
Bamboozle,6.485201948567637,5.9376503439123365,6.652764,6.2342771861549515,5.49023,6.3274733696587315
Hero: Tales of the Tomes,7.022789044201884,7.0485202131349265,6.47701,6.842486932082107,5.53662,6.847701547354729
Dogs Alone,6.258228872722779,6.921454959999997,6.306126000000001,6.173929753828904,5.54263,6.414934896637921
Khyber Rifles,7.037413461243331,6.806012766153848,6.149932000000001,6.975688658138457,5.49492,6.742261721383908
"Tahiti:  Clan Warfare, Polynesia 750 AD",6.789015735621402,6.714804840857149,6.306552,6.666691883009925,5.51166,6.619266114872119
Greedy Dragons,6.65361509721242,6.809380886333346,6.200974,6.579648072993089,5.5237,6.560904514134714
Final War,6.428520880060111,6.81615823879641,6.351439999999999,6.357615109076479,5.50975,6.48843355698325
Austin Powers CCG,6.305738253242085,6.040019574163367,6.133164000000001,6.469123838934162,5.46347,6.237011416584903
Forgotten Axis: The Romanian Campaign,6.8684836527728805,6.883258644139196,6.278143999999999,7.026663843624212,5.49636,6.764137535134072
Autumn of Glory,6.794158231639672,6.782209044128206,6.135511999999999,6.720259332471596,5.52672,6.608034652059868
Waterloo: The Last Great Battle,6.70002155752735,6.737091373333336,6.037316,6.770500994637733,5.51472,6.561232481374605
Götterdämmerung,6.885421824213392,6.822764395576651,6.689042000000001,6.980560415366712,5.52684,6.844447158789189
Paul Koenig's The Bulge: 6th Panzer Army,6.647198605709104,6.876255951777778,6.667976,6.774369447837278,5.54327,6.74145000133104
Super Race,6.170969904705771,6.367818996595927,6.48409,6.064900284902713,5.5127,6.271944796551103
Drag Strip!,6.082096609546527,5.3384485675,5.928182000000001,6.0796967349565145,5.46052,5.85710597800076
City States of Arklyrell,6.716857050954269,6.6768002080000075,6.375846,6.682994840720433,5.49782,6.613124524918677
Empires at War,6.808595803043907,6.503213700000005,6.260568000000001,6.960789476604897,5.50167,6.633291744912203
NFL Game Day,6.865227395910689,6.611220529872122,6.725821999999999,7.1273909673422615,5.49495,6.832415223281267
Affinity,5.717147099766086,6.368925800000009,6.2306680000000005,5.982713787490796,5.53632,6.074863671814223
KAWA: A Game About Flow,6.960106731572578,7.189502301176465,6.611858000000001,7.1345607556577635,5.50739,6.974006947101702
Tumbleweed,6.669454437745477,7.149657048444447,6.319654,6.614226478784949,5.56453,6.688247991243719
Nowheresville: Bandit Paradise,6.411044475905214,6.544207174285711,6.622896,6.594626675407581,5.51527,6.543193581399627
Get Reelz,5.8534719206069,6.244689776666674,6.170738,6.226333647518357,5.50113,6.123808336197983
Hexx & Hopp,6.3568616026896585,6.79400611999999,6.338914,5.997341460992362,5.52797,6.371780795920503
Crisis: Korea 1995,7.357209228549953,7.280707240000005,6.036803999999999,6.993390705658586,5.55413,6.917027793552135
Backpacks & Blisters (Second Edition),6.609797077200652,6.878950013176476,6.50471,6.580798530331417,5.55211,6.643563905177136
Squeeky,5.78827176636341,6.234210870310554,6.512334,5.95837869910265,5.49668,6.123298833944153
Dumstrut,6.168822332921751,6.364151861176484,6.136836000000001,6.418275176923533,5.5038,6.272021342755441
To Take Washington: Jubal Early's Summer 1864 Campaign,7.6928741892658605,7.769908659999988,6.97857,7.1472368592128594,5.57647,7.397147427119678
Groovy Pips,6.4438186392300665,6.577340400000006,6.469596,6.228164583675376,5.50154,6.429729905726362
Bahama Taxi,6.142450425983517,6.3509258963046795,6.275035999999999,6.402289003143344,5.48136,6.292675331357885
"I Say, Holmes! (Second Edition)",6.442925650223688,6.786949972000005,6.417193999999999,6.580001011615975,5.49822,6.556767658459917
KAPOW!,6.62247133133219,7.234156069999992,6.487208000000001,6.40682490031173,5.60298,6.687665075410979
Taco Cat Goat Cheese Pizza: Demo deck,5.736920720535661,6.368278080000006,5.754976000000001,5.673158891225304,5.53013,5.883333422940243
Bonaparte in the Quadrilateral,6.93776372584655,7.6365692799999865,5.938682000000002,6.931906469430464,5.55696,6.8612303688192515
Chai Garam,6.851383570031782,7.189645119999994,6.162356,6.678955917387101,5.56954,6.720585151854719
Automata NOIR,6.315000520364633,6.634362559999999,6.089906000000001,6.378839414824318,5.55384,6.354527123797238
VerTIPPT nochmal!,6.108896434276148,6.099980675333321,6.305598,6.476245814633292,5.5114,6.2476802310606905
Tell Me More,5.947353720892377,6.450525636666672,6.511680000000001,6.544589448359624,5.51636,6.3635372014796685
Speed,6.039372116301069,5.690837407499995,6.3341140000000005,6.05223124485932,5.49847,6.0291386921650965
Hollywood Game Night Party Game,6.140620971267652,6.588403460000005,6.398739999999999,6.23192389748563,5.51596,6.3399220821883215
Drawing Dead,6.736581230380797,6.900027113101023,6.2667340000000005,7.030862054813749,5.51541,6.7335510995738925
Deterrence 2X62,6.685666016152781,6.753393124444444,6.054672,6.502142448475355,5.53816,6.498968397268145
Ninja Galaxy,5.878975251526889,6.2518231319999975,6.180792,6.01157336952753,5.42263,6.080790938263604
En tu casa o donde sea,6.148863761383044,6.511737639999994,6.1122320000000006,6.53241251164892,5.50496,6.32631147825799
Hunters of the Lost Creatures,6.1396378059426775,6.581048679999998,6.276465999999999,6.091500139283936,5.5619,6.272163156306653
"The Cossacks Are Coming!: The Tannenberg Campaign August and September, 1914 – 2nd Edition",7.492225333974434,7.344508828571432,6.133422,7.129220529601,5.52217,7.024844173036716
Legend Academy,6.0662813751488205,5.689553619999983,6.499840000000001,6.969863714489624,5.46705,6.306384677409606
Point Blank: V is for Victory,7.194946179533588,7.629088979999985,6.941414,6.961849300508279,5.5661,7.181824615010463
1806: Rossbach Avenged,6.995611901306683,7.058631477032967,6.303389999999999,6.755757176855122,5.55432,6.778347638798692
Nagashino 1575 & Shizugatake 1583,7.2316318538397715,7.422288197128203,6.110938,7.044021212039365,5.53109,6.9522198157518345
Raben schubsen,6.166695557083353,6.561704379999997,6.158759999999999,6.152441613477665,5.50599,6.259900387640252
Something Wild! Marvel Infinity Saga: Iron Man,6.066024799529805,6.466478020000005,6.3949560000000005,6.347701634475799,5.5101,6.318790113501402
Das Gold der Maya,6.365654280916357,6.2575636085714255,5.610335999999999,6.254543503523509,5.48755,6.122024348252824
Secret Night at Davis Manor,6.87538217604633,6.830011139999996,6.362178,6.607751000919821,5.59014,6.668830579241536
Abra Kazam!,6.265581886219694,6.355743200000008,6.156346,6.233014015094959,5.5074,6.252671275328665
OTLO Stones,6.34238177800824,6.799760701176466,6.265759999999999,6.211288088889912,5.51903,6.4047976420186545
Blank Marry Kill,6.105669066872172,6.406017430769235,5.952845999999999,6.135700361864913,5.50688,6.15005821487658
MooT,6.4465819662155734,6.510545243333334,6.27784,6.433131284315834,5.51276,6.417024623466186
Naova,6.281473102012728,6.389189380000006,6.052044,6.242479444606431,5.49566,6.241296481654791
Raiders of the Lost Tomb,6.114977318830708,6.473396439999998,6.1256900000000005,6.545604385352022,5.46653,6.314917036045681
Veletas,6.496157299534101,6.617015599823858,6.271656,6.740541449135817,5.53971,6.531342587123444
Ganesha,6.508757812355621,6.943884711999997,5.991988,6.41850394653427,5.50537,6.4657836177224715
Jerusalem! Tactical Game of the 1948 War,6.774981827116029,6.6804356554545485,6.248118,6.827072889862082,5.55835,6.632652093108165
Mabula,6.168437334200294,6.560251600000003,6.436938,6.127685777837751,5.52253,6.323328178009512
Super Slopes,6.645346965698571,6.876723400000007,6.457502,6.888232222003941,5.53112,6.716951146925631
Tartapies,6.561469140544733,6.921769399999996,6.4293700000000005,6.4343631175012455,5.51808,6.586742914511494
Beat the Experts,6.3136742837150255,6.143677824655798,6.101884000000001,6.2976483951830655,5.48158,6.214221125888473
Swoggle,6.445555785915477,6.059000920000003,6.551454,6.323131286877245,5.50202,6.344785498198181
Happy Party,5.921248987506699,6.377134520000004,6.404996,6.05510273839841,5.5032,6.1896205614762785
Disposable Heroes and Coffin For Seven Brothers: Infantry and Vehicle Small Unit Skirmish Wargaming in WWII,6.83556730859342,6.990309279059824,6.515206000000001,6.7934024142143965,5.55272,6.783621250466911
Booze Barons,6.290800124159096,6.4465457600000065,6.692883999999999,6.252406090835619,5.50458,6.420658993748681
In A Bind Jr,5.935043832771215,6.3471651211764835,6.362942,6.505995271362112,5.52752,6.287786556327452
Got 'Em!,6.02908418152318,6.547671610461537,6.021641999999999,6.05684422280231,5.5233,6.163810503696757
Deadly Premonition: The Board Game,6.564306570989066,7.098310845008548,6.505275999999999,6.353825432929776,5.50891,6.630429712231848
APBA American Saddle Racing,6.217388887295708,5.337110187500001,6.258296,6.561351597737696,5.52611,6.093536668133352
"Knock, Knock! Dungeon!",6.476320166899798,6.586539620000001,6.154202,6.638047638750552,5.52846,6.463777356412588
Black Stories: Epic Fails Edition,6.157144887181292,6.890699489142852,5.772647999999999,6.191058647471713,5.51565,6.252887755948964
Hold the Line:  Frederick's War,6.873823354087677,6.6043371695238156,6.4592480000000005,7.039725270100784,5.59091,6.74428344842807
Electronic Scattergories Platinum Edition,6.20076119014575,6.064385813043469,5.947278,6.335272673363812,5.5029,6.136924419138257
Ballons,6.031666026760686,6.1535380371666655,6.133034,6.160119908332415,5.49101,6.119589493064942
Winds of Numa Sera,6.509297174651234,7.060473583809527,6.652302000000001,6.5133628069219665,5.52034,6.6838588913456825
Worlds of Heroes & Tyrants,6.62556353507659,6.746761325985352,6.503568,6.363676863493684,5.46318,6.559892431138906
Zombie World,7.088344032335394,7.125769232000002,6.356928,6.80031229242165,5.53336,6.842838389189262
Hollywood Racers,6.225100482144627,6.945286530000002,6.042024,6.215339895677545,5.51007,6.356937726955543
Monopoly: Cars 2 Edition,5.834934811061394,6.353763293043477,6.36155,5.712356642070368,5.46808,6.06565118654381
Ingenious Extreme,6.894596860434662,6.996140578999995,6.684659999999999,6.8634376331062334,5.53452,6.8597087681352225
"Murder, She Wrote",6.300556158864928,6.264221132,6.27973,6.404887116475443,5.52759,6.312348601835093
Trusis,6.382123248761388,6.4376080000432925,6.495596000000001,6.69378664968971,5.50065,6.502278474623598
Dungeon Breakout,6.280886268150355,6.673146880000003,6.2459359999999995,6.3956736879463785,5.48815,6.398910709024184
Marvel Dice Masters: X-Men Forever Campaign Box,6.10218669071578,6.372574880000012,6.289053999999999,6.576921430989648,5.54267,6.3351842504263605
Attacktix  Battle Figure Game: Marvel,6.2138854953974665,6.100499480000001,5.995106,6.474885807728423,5.51814,6.196094195781472
Blasphemy,6.038849143847793,6.900909531027197,6.396162,6.387495469947547,5.49561,6.430854036205634
Randomise,6.35463661598139,6.421607257843149,5.64569,6.50917305239474,5.50623,6.23277673155482
Gutterhead,6.355918116700583,6.6114700000000015,6.151082000000001,6.604334065082086,5.51003,6.430701045445668
Suspect Game,6.682241538178333,6.989008629264939,6.378042000000001,6.768971401213287,5.57552,6.7045658921641405
The Red Dragon Inn 8: Pub Crawl,6.413452308179158,7.048099070666664,6.318009999999999,6.232015740253985,5.61132,6.502894279774951
Doctor Who: The Card Game – Classic Doctor Edition,6.560971032656175,6.8231748241147825,5.940341999999999,6.337136413479942,5.51036,6.415406067562725
Card Caper,6.067006911197541,6.185193500000013,6.132689999999999,6.243093681824119,5.48457,6.156996023255418
Mech Command RTS,6.734319256364001,7.018435589514645,6.331142,6.646718850636825,5.51987,6.682653924128868
5ive: King's Court,6.150867322939692,6.335477750769234,6.2255020000000005,6.254697641779975,5.5149,6.241636178872225
World at War: The Untold Stories,6.612826200900879,6.673596313349211,5.911753999999999,6.709287008942083,5.63063,6.4768658807980435
Manhattan TraffIQ,6.636100735103932,6.773723289047627,6.631582,6.631427952798247,5.51753,6.668208494237452
Golf the Perfect Game,6.299223700798274,6.135111390028983,6.369896000000001,6.430425702619932,5.50509,6.3086641983617975
Drôles de Zèbres,6.355098571376944,6.281329331830039,6.20481,6.407544698936807,5.53735,6.312195650535947
Kalle Kanalratte,5.956426797468484,6.213758861583323,6.240487999999999,6.004491918849154,5.5,6.10379139447524
Hang Four,6.005097305613984,6.136684420543476,6.347482,5.943442726003587,5.49623,6.108176613040262
Turbo,6.43843780715318,6.203267924695647,6.417888,6.5145069407828835,5.47294,6.393525168157928
French Foreign Legion,6.7158102273618985,6.178436998043482,6.3217680000000005,6.99032588026215,5.56049,6.551585276416882
Waterloo 1815: Napoleon's Last Battle,7.228051757798816,7.628868740000001,6.241656000000001,6.7291166115821275,5.55278,6.956923277345236
Towers in Time,6.644889930117772,6.71113089333333,6.3309359999999995,6.604963497133053,5.47237,6.5729800801460385
Somnicum,6.3738433109475885,6.6250826999999965,6.233726,6.277554879982902,5.5159,6.377551722732622
Slap It!,6.178952083161045,6.296348161176486,6.258045999999999,6.0389791727886095,5.50502,6.193081354281535
DC HeroClix: Batman (Alpha),6.188004890701226,6.313084964257322,6.352186,6.3454588904071105,5.51492,6.299683686341414
Grimslingers: Duels,6.330944058104964,6.856250980000007,6.192442,6.1571753263060325,5.49813,6.3842030911027505
Horrific,6.90589447783812,6.945958279999997,6.188823999999999,6.3019963258567575,5.50425,6.585668270923719
Tilting at Windmills,6.431187761490727,6.715756300000003,6.232438,6.411569405487925,5.51309,6.447737866744664
Olympic & Coronet,6.723797739544378,7.005243705666671,6.29332,6.729485639608899,5.53896,6.687961771204987
Fetch,6.200848869838748,6.37672434117648,6.162184000000001,5.844415466309654,5.49344,6.14604316933122
Trapture,6.363739656494858,6.188073904999991,5.871472,6.21889676200151,5.50885,6.16054558087409
Quando,6.292884153071783,6.482759640000009,6.19357,6.045485322686143,5.56554,6.253674778939484
Blitzed!,6.312047765797582,6.388633864711539,6.3055520000000005,6.250916778459774,5.49129,6.314287602242224
Die Erbtante,6.366345960116147,6.107412770705812,6.154763999999999,6.503847642392144,5.48135,6.283092593303526
My First Adventure: Journey to Ochre Land,6.020985269404861,6.319355800000011,6.343782,6.192814240607616,5.52844,6.219234327503122
MeM,6.99810026259898,7.280741340000005,6.336154,6.42135945916162,5.52844,6.759088765440151
Fish & Chips,6.533473179239666,6.494640610153844,6.140230000000001,6.198136529679159,5.51618,6.341620079768168
Step by Step,6.375369293681142,5.9726652490909,6.385512,6.25883338079452,5.50244,6.24809498089164
Das Versteck des Goldgräbers,7.010473074670527,7.17557367333333,6.700009999999999,6.715189174595186,5.52417,6.90031148064976
Scrabble Crossword Cubes Game,6.198383009029958,5.7358466599999876,6.151540000000001,5.916241018796909,5.5084,6.000502671956714
Zone Wars,6.849082494857808,7.152255473333335,6.4889079999999995,6.899129548753953,5.5513,6.8473438792362735
"Armati: Rules and Lists for Ancient, Medieval & Renaissance Wargaming",6.765752161327955,6.919678813439893,6.133928,6.972073346434493,5.52039,6.697858080300585
Whiskey Business!,6.534188751567365,6.706245580000005,6.645198000000001,6.339108779357376,5.51563,6.556185277731187
Doubletrack,5.976650433881967,5.839679297820505,5.829682,5.985409616831252,5.48716,5.907855337133431
Emperor's First Battles,6.853417500432622,6.752743654572648,6.518092,7.1100391457226095,5.50282,6.80857307518197
Baba Yaga,6.166198719066779,6.3985653199999994,6.263196000000001,6.198228281631098,5.51143,6.25654708017447
Modern Land Battles: Target Acquired,6.67723659364709,6.91200130461328,6.034964,6.490345965564573,5.54373,6.528636965956236
Nutty Squirrels of the Oakwood Forest,6.343512613878991,6.896986381176472,6.860028,6.857766998099454,5.52296,6.7395734982887285
Pokémon Master Trainer II,6.153567363218021,6.860938492820515,6.206466000000001,6.111542027401958,5.52463,6.3331284708601245
Cubeo,6.426817353354017,6.859508375721931,6.608618,6.248045330880205,5.53888,6.5357472649890385
Star Fleet Battles (Commander's Edition),7.535379631185785,7.3756223400000005,6.180764,6.982613682804927,5.58716,7.018594913497679
Doxie Dash,6.356843311505267,6.657082020000002,6.58293,6.433487804242083,5.52579,6.507585783936839
New World Colony,6.406022373443956,6.529514443200672,6.311141999999999,6.567240542155328,5.5157,6.453479839699989
Gooey Louie,6.15843312018058,5.969190885051043,6.126951999999999,6.32217690718939,5.43092,6.144188228105254
Tribes,6.412884587644343,6.384498668888895,5.987264,6.596670538118581,5.5416,6.345329448662954
Clash of Empires: The Battle for France 1914,6.670722304549693,6.720282945454554,6.468036,7.035999117985007,5.5398,6.723760091997313
Cultistorm,6.961484624503821,7.178719971999999,6.528638000000001,6.803507814388604,5.54982,6.868087602723106
World of Draghan: Sneaky Ol' Dragons,6.577811461092128,7.052636543809521,6.42633,6.498508400473165,5.56831,6.638821601343704
Miskatonic Madness,6.449257879408187,6.147597019999992,6.128534,6.27967885441898,5.50267,6.25126693845679
Fantastic Gymnastics,6.13655463429665,6.443951960000007,6.31953,6.482351424546128,5.49044,6.345597004710696
Back to Iraq,6.762378385452523,6.704521899444448,6.000954,6.640768455887764,5.48787,6.527155685196185
Cherkassy Pocket: Encirclement at Korsun,6.620812383130248,6.566106192857147,6.310764000000001,6.748229561229784,5.51842,6.5614780343042955
Gangsta!,6.564024043366081,6.956261704509807,6.2220320000000005,6.738403739781686,5.5175,6.620180371914393
Decision: Iraq,6.722648976435901,6.841825456898989,6.266094000000001,6.89206361901941,5.51842,6.680658013088575
Disney Shadowed Kingdom,6.750171053235961,6.7888740999999975,6.224020000000001,6.86068675567344,5.45793,6.6559379772273495
Railways,6.7616403231636735,7.196238620000001,6.371084,6.801637968719007,5.50879,6.78265022797067
Listen Up!,6.271386764211366,6.094892905238098,6.346512,6.158663996493656,5.50049,6.217863916485779
Hot Potato,5.990219932217645,6.145786956043483,6.0701540000000005,6.0444931965564415,5.42315,6.062663521204393
Rattaneer,6.630150096353905,6.904961238717948,6.183322,6.474792244558432,5.52609,6.548306394907572
Artifact,6.7373445957068725,6.990329569333339,6.261614,6.657276996243072,5.51094,6.661641290320821
Night Class,6.718810698553639,7.040368470666669,6.419882000000001,6.597505046172598,5.51422,6.694141553848228
Morgan's Revenge,6.10083723741751,6.1406392662500044,6.274866,6.171115456830993,5.48235,6.1718644901246265
Converge: Sparks of Hope,6.667595274608284,7.180039529999996,5.764566,6.478310688382477,5.53538,6.522627873247689
Schachen,6.5474868021820525,6.814324272333318,6.009062,6.166402607902847,5.54907,6.384318920604554
Plateau,6.684661100264485,6.792703060000005,6.000018,6.349589731406523,5.55872,6.456742972917754
Flames of War: Firestorm Campaign – Operation Bagration,6.864787329489423,6.971763356153851,6.52473,6.781329184026683,5.51868,6.7856524674174885
Emperor of China,6.550136579427076,6.168738615384608,6.379110000000001,6.831360384685826,5.52286,6.482336394874378
Think Alike,6.387075006952967,5.925766689090908,6.361549999999999,6.389209921112746,5.49636,6.265900404289155
Indiana Jones Akator Temple Race Game,5.807131986830949,6.18258968171746,6.231698,5.909183149512776,5.49855,6.032650704515296
Watch Out! That's a Dracula!,6.530937169445585,6.943929141176469,6.19617,6.556396804675403,5.52444,6.556858278824365
Strat-O-Matic Baseball Express,6.4568220847812166,6.494595862275979,6.469596,6.381268108387068,5.52358,6.450570513861066
RallyRas,6.032231860347449,6.515392560000005,6.093235999999999,6.371860188670502,5.51562,6.2531801522544885
Winhard,6.261486914353564,6.003029095340909,6.341030000000001,6.20949805544892,5.49643,6.203761016285849
Flip the Bird,6.267501322845889,6.425127980000007,6.272881999999999,6.184638488437356,5.47189,6.287537447820814
Seimi in the Super Crazy World,6.432052856073443,6.668605900000004,6.193996,5.959184838586059,5.51637,6.313459898664877
Mighty,6.90230999218349,6.850681478205133,6.3815420000000005,6.73308014733374,5.5538,6.716903404430591
Spice Navigator,6.253523008122705,6.154075776000005,6.1325780000000005,6.256447929874849,5.50399,6.19915617849939
Zorndorf,7.321852202581625,7.286112180000002,6.558922000000001,7.105366137091459,5.59205,7.068063129918272
Reconquista,6.78581633419507,7.058599934444447,6.346998,6.649137389647457,5.54231,6.710137914571743
Fanhunter: Assault,6.390611139026528,6.728527940000005,6.388132000000001,6.3920238653643064,5.51791,6.47482373609771
Brew Dice,6.3772681879216915,6.385772160000004,6.608618000000002,6.1184408078478105,5.51115,6.372524788942377
Party Pooper,6.235525587754053,6.209190701710145,6.432653999999999,6.238793281967954,5.48993,6.2790408928580375
Hacker,6.273043144180667,5.931577969710142,5.843826,6.396540578754887,5.491,6.111246923161424
Hội Phố,6.48338030080725,6.580375979999996,6.43912,6.842319204686685,5.48969,6.586298871373483
Navíos de Línea: Trafalgar 1805,7.0756764503172525,7.048712113333337,6.321567999999999,6.801430299449421,5.53913,6.811846715775003
Judge for Yourself,6.347551939437564,6.144541840134384,6.2406500000000005,6.249463985610503,5.46674,6.245551941295613
Conspiracy Theory,6.25397016404592,6.345414300000006,6.261222,6.2464601758738185,5.50056,6.276766659979936
Megaman NT Warrior Trading Card Game,6.3689517045664,6.256810914090904,6.147378000000001,6.510282709819844,5.50549,6.320855832119287
Burdigala,6.145516551998357,6.3879767980434705,6.3431619999999995,6.151841637592183,5.51664,6.257124246908502
Island Trader,6.307923922202203,6.310155867666661,5.94505,6.4115449019447786,5.52362,6.243668672953412
Trailer Park Boys Board Game,5.972773596538732,6.370781440000004,6.108992,6.405135448192188,5.51022,6.214420621182731
Grave Robbers III: Suburban Slashers from Sunnydale Street,6.234522764686713,6.255724199999995,6.093012,6.30968225443229,5.52835,6.223235304779749
M.O.R.P.H.O.,7.041648350077117,7.145369079999999,6.268664,7.022821193818568,5.54221,6.8696256559739215
Kameleo,6.324259771732538,6.554641680000002,6.441074,6.364481295927866,5.50442,6.421114186915101
House Flippers,6.360512575098392,6.374469837843148,6.31986,6.715120673681754,5.49417,6.442490771655823
Magistrar: Duel of the Mages,6.691217324039474,7.156932479999987,6.338334000000001,6.6944686813039,5.51742,6.72023812133584
10 Dice,6.520844109251685,6.514232580000005,6.518938,6.318950050775985,5.5338,6.468241185006919
Vikings on the Volga,6.578046392976544,6.96315522513064,6.372364,6.410678841171451,5.51366,6.581061114819659
Flower Fields,6.6366957250212035,7.18461449999999,6.452115999999999,6.800024747028826,5.52388,6.768362743012505
Murder at Blood Mansion,6.514931185122605,6.789762566666676,6.525672,6.312916339873911,5.52544,6.535820522915798
Visual Game,6.352820687919476,5.945110919999999,6.111402,6.052489894440016,5.52491,6.115455875589873
Carrossel,6.676978120009449,7.191260990666666,6.217698,6.310512025179583,5.53027,6.599112283963924
Chain Reaction,5.804998677077118,5.589790719999996,6.260066,6.161596284805961,5.50535,5.954112920470768
Claymania,6.264639551977194,6.036075838710142,6.428422,6.51353468833105,5.50255,6.310668019754596
King's Valley,5.931397783790923,6.2557410451282065,5.84386,5.454943186271269,5.53479,5.8714855037976
FUBA,6.819498160628083,6.8784201354920675,6.538889999999999,6.559577116095285,5.59223,6.699096353053859
Composio,6.595427722554087,6.285553079333331,6.534644,6.574237515676089,5.50677,6.497465579390877
Crop Circles,6.685397822298814,7.083313019999993,6.18219,6.6682099098901295,5.5574,6.6547776880472345
Check Your 6!,6.69153420442446,6.916690747940163,6.438986,6.78699490622897,5.64713,6.708551464648398
White Elephant,5.967829248696792,6.4189345000000095,6.189477999999999,6.314371856206618,5.51992,6.222653401225855
Cucina Curiosa,6.324310839557102,6.671185151999999,6.248888,6.4167852367690195,5.51977,6.41529230708153
Pogo,6.512442684846099,6.859658328777782,5.895124,5.859657256128464,5.51067,6.281720567438087
Spinnengift und Krötenschleim,6.099801204483405,6.46562342869566,6.370836000000001,6.096905902704063,5.52311,6.258291633970782
Epées de France,7.057200569007358,6.818821548311684,6.507116000000001,7.055459250414557,5.5323,6.8596493419334
Exploring Galapagos,6.1349862083733155,6.467101300000005,6.3158140000000005,6.68107690544741,5.50801,6.399744603455183
Happiest Town,6.291143326943374,6.675735319999999,6.244301999999999,5.988315547433268,5.52625,6.29987404859416
Zombie Ninja Pirates,5.962123492501956,6.111802813311034,6.200419999999999,6.342730317918414,5.4915,6.154269155932851
An Army at Dawn: Tunisia 1942-1943 – A Panzer Grenadier Game,6.934503018563009,7.134586032079364,6.252788000000001,6.881901411066179,5.53987,6.800944615427138
Animal Olympics,6.240935069309552,6.067283826666666,6.265984,6.406345564916008,5.51479,6.245137115223057
Autonomía Zapatista,6.607307627710537,6.973792660000002,6.415858,6.88874744684513,5.50678,6.721426433638918
Old Town: Solo,6.763744842783113,6.903056001372407,6.065762000000001,6.5424543869831595,5.5272,6.568754307784671
Frik,5.8934848145412015,6.008669932134383,6.047036,6.486872163549298,5.4901,6.10901572755622
Baston,6.231235230067933,6.704388292820518,5.815028,6.449108201494779,5.51485,6.299939931095807
Fruit Mix,5.882753635915435,6.343734857843145,6.050762000000001,6.329102483679707,5.49757,6.151588244359571
Mapominoes: Asia & Australasia,6.032427772893384,6.255150856666669,6.2766020000000005,6.162241475699122,5.52097,6.181605526314794
1944: Second Front – From D-Day to Victory in the West,7.2332818877304605,7.320458880000001,6.769248,6.961683798195674,5.49158,7.071168141481534
Nautic Miles,6.157731179062858,5.930700279999991,6.215072,6.492701167893207,5.50631,6.199051156739014
Periorbis,7.325933455262609,7.707678060000008,6.475801999999999,7.128745808915849,5.52659,7.159539831044616
Marble Bobsleigh,6.270614374075461,6.300811890769237,6.531358,6.269295870357907,5.49866,6.343020033800652
Canaletto,6.487545216590382,6.357392408000001,6.564007999999999,6.261486299561147,5.49346,6.417607981037882
Suspects: The MacGuffin Affair,6.486540236957479,6.873950552000003,6.27003,6.728135097323595,5.54556,6.589663971570269
Donburiko,6.451080214990693,6.653380179999998,6.199520000000001,6.397328558049164,5.54236,6.425327238259964
Stratopolis,6.46366410303757,6.532470035362317,6.485888,6.15018591302163,5.55422,6.4080520128553795
Chachapoya (Second Edition),6.238333223679982,6.484410660000007,6.284022,6.28314360456949,5.53248,6.3224773720623695
Killing Code: Venice Vendetta,6.806600633591094,6.766223004698415,6.235644,6.794164343716595,5.52194,6.650657995501526
G.I. JOE Mission Critical,6.793877559179231,7.082103462954253,6.495038000000001,6.755050942792151,5.58882,6.7815174912314085
Betrayal: Deck of Lost Souls,6.802521769554842,7.04468394712819,6.357417999999999,6.4759551378678335,5.49952,6.6701447136377165
Stalin's Tanks: Armor Battles on the Russian Front,6.589584292558202,6.215834476608391,6.278143999999999,6.78852624807901,5.52279,6.4680222543114
French and Indian War,6.332228660992813,6.752584734545455,6.603292000000001,6.906984659057936,5.5221,6.648772513649051
Monopoly: Zapped Edition,5.736643810979481,6.3051425227768085,5.699934000000001,6.141572786688853,5.49372,5.970823280111286
Swashbuckled!,6.137790777333454,6.221851048812707,6.224064,6.004497899563994,5.51431,6.147050931427539
Flick Wars,6.598537778231583,7.0454656099633715,6.128002,6.474872137755476,5.5519,6.561719381487608
Bezzerwizzer Familie,6.201830017195751,6.800534761176467,6.286114,6.39630119114264,5.50801,6.421194992378715
Disruptus,6.366572261287319,6.585861874230767,6.430646,6.530939385782439,5.48882,6.478504880325131
Collusion,6.515509541183441,6.194364779999991,6.326984,6.6377472911519435,5.5341,6.418651403083843
Days of Decision,7.082674647982727,7.158808299999999,6.71767,7.017934035459055,5.54097,6.994271745860445
Waroong Wars (Second Edition),6.554039239754385,6.769571531999998,6.582352,6.732368510747534,5.54024,6.659582820625479
Idol Quest,6.190565089951262,6.2449241007583565,6.625122,6.099874992655679,5.49525,6.290121545841324
PJ Masks: Night Sight,6.155176909743309,6.4301920000000035,5.795408,6.372858930065114,5.49539,6.188408959952106
Napoleon's Imperium,6.853989602779293,6.928110550833334,6.454066,7.184149036605542,5.5196,6.855078797554542
Hidden Panda,6.297829371977457,6.427498720000013,6.2193700000000005,6.048065801252919,5.4966,6.248190973307597
Stalingrad 1942-43,6.368601277063051,6.708583316356536,6.304208,6.511436341661353,5.51143,6.4732072337702355
Magic Market,5.7186042354072715,6.412911000000006,6.375524,6.0716531015328545,5.50956,6.144673084235032
Danger in the Deep,6.742515739621891,6.934643843111102,6.370946,6.77506585008236,5.5619,6.705792858203838
Zaar,6.514848871673486,6.729565183809538,6.113636,6.424433097691385,5.51978,6.445620788293602
Keydom's Dragons,6.758367893463604,7.060015944820512,6.1798340000000005,6.985593847619248,5.59418,6.745952921475841
Biljard,5.607678234101311,6.282929430769226,5.842438,5.426632815199705,5.51144,5.78991962001756
Compatibility 15th Anniversary Edition,6.304466945229363,6.372221413333336,6.1585160000000005,6.234460246878627,5.52416,6.267416151360331
Twin Stars: Adventure Series II,6.828231508890784,7.206904119999991,6.031415999999999,6.4816081263746295,5.54469,6.637039938816351
Tilt'n Tumble,5.823521723770106,5.99984882291666,6.405012000000001,5.654498957789643,5.49995,5.970720376119102
Chrono Bomb,6.092286023442066,6.401040700000006,6.57437,6.162778571763374,5.4822,6.307618823801361
Chili Mafia,6.589200256460291,7.024610833176477,6.112774,6.59444653857798,5.55377,6.580257907053688
Innovation Ultimate,7.076975760893822,7.155738758666663,6.5252099999999995,6.850489033604816,5.5888,6.902103388291325
Big Cityz,6.226100231936849,6.472979480000003,6.299752000000001,6.234893923825191,5.51324,6.3084314089405105
The Russo-Swedish War,6.6377454465331835,6.869602287820508,6.205146000000001,6.546940592210712,5.5142,6.564858581641101
Dungeons & Dragons Dice Masters: Trouble in Waterdeep Campaign Box,6.106520407740438,6.5369156000000075,6.469596,6.569506282975659,5.53309,6.420634572679026
Bag the Hun,6.847371545138463,6.742229400000004,6.392221999999999,6.935245271600554,5.53465,6.7292670541847555
Gounki,6.715554263823755,6.947269499714286,6.439038000000001,6.104396739311279,5.51345,6.551564625712331
PS,6.394145160208521,6.249212000000001,6.175426,5.933648670853621,5.50975,6.188107957765536
Loża Szyderców,6.1101814654409505,6.385807020000002,5.738418,6.2619550812550955,5.47951,6.124090391674012
"Antietam: The Bloodiest Day, 17 September 1862",6.5963712253186495,6.263882686153843,6.828162000000001,7.081962983140612,5.52828,6.692594723653277
Braveheart Solitaire,6.4915000850326505,6.799550173176473,6.647468000000001,6.959713631892156,5.51905,6.724557972525321
Word-Whiz,6.33957740307269,6.209156370945652,6.378006,6.439434810032951,5.52476,6.341543646012823
Phlounder,6.297562800137717,5.534887999999999,6.343554,6.388649906493056,5.4911,6.141163676657692
Granny's House,5.975168776621258,5.87758118971014,5.787453999999999,6.140989364671513,5.50819,5.945298332750728
The Three Stooges Card Game,6.154733919522018,6.10072633378656,6.119982,6.1194406984514025,5.47319,6.123720737939995
Tapas,5.984343931018293,6.41159334,6.09384,6.4508780589498365,5.48933,6.235163832492032
Make Your Own Opoly,5.869032593054698,6.1184823480000095,5.940868,6.066622074016397,5.46748,5.998751253767776
Monopoly: Disney Villains,5.965191241075572,5.6155343474999935,6.334494000000001,6.307195085290236,5.50292,6.055603668466451
1863,6.822817127605214,6.730709925677656,6.162116,6.587737780567274,5.49744,6.575845208462536
That Sound Game,6.498117261872758,6.426098201176478,6.466056,6.5609954955874725,5.51804,6.487816739659178
Die Wikinger Saga,6.798489111495179,6.930646735384621,6.228254000000001,6.650837851157527,5.5645,6.652056924509331
Blood,5.97288095394949,6.411826781176473,6.348764,6.697749751356185,5.52104,6.357805371620537
Turbulent Top,6.063255648401764,6.044880969090904,6.569774000000001,6.419514309807489,5.48754,6.27435623182504
Vietnam: 1965-1975 (2nd edition),7.475840695718424,7.678154340000005,6.97857,7.147207649919427,5.66859,7.319943171409464
Clonk!,6.396413064951196,6.609140356666655,6.413452000000001,6.515902170196566,5.55036,6.483726897953605
Test Match,5.281131946180868,5.390895879999992,5.607226,6.147053469806952,5.53063,5.606576823996953
Party Bugs,6.3128553227575495,6.791947600000003,5.991507999999999,6.209482016174287,5.54762,6.32644823473296
Tumba,6.367950571744913,6.0966044662500005,6.237276,6.252950167349195,5.4999,6.238695301336027
ATS Stalingrad: Dzerhezinsky Tractor Works 1942,7.318502095156942,7.067469660000001,6.588666000000001,7.076776384139365,5.55687,7.012853534824077
Fireside Football,6.284168825312969,6.039506379293479,6.196632,6.447994819874214,5.51055,6.242075506120166
Jedzie pociąg z daleka,6.428078808521499,6.792003279999997,6.401566,6.34766371202628,5.5472,6.492327950136945
Zwickern,6.441474110881327,6.299384068571432,6.200512,6.204516002071745,5.48927,6.286471545381126
Dungeon Crawl,5.551737191934084,5.6788513399999925,6.310288000000002,6.601431590388659,5.53632,6.035577030580685
Totem,6.148219945541148,6.72703865666666,5.6506739999999995,5.858942948025874,5.48936,6.09621888755842
Gay Sauna: The Board Game,6.542836413140631,6.885085717843134,6.295886,6.664902480185907,5.49881,6.597177652792418
Scurvy Musketeers of the Spanish Main,6.058931984830379,6.0289479369999945,6.320278,6.036759324959757,5.52954,6.1112293116975325
James Clavell's Shogun Card Game,6.578830834069284,6.289170440000004,6.294362,6.370275886403945,5.52519,6.383159790118308
The Battle of Agincourt,6.792176148216101,6.636624742820513,6.087748,6.51844977873122,5.50409,6.5087496674419585
Condottieri: The Battle of Castagnaro,6.435387553640151,6.655972168205126,6.133928,6.355349887442484,5.51248,6.395159402321941
Bears&Bees,6.438947032218588,6.8265943600000005,6.193161999999999,6.524016294044999,5.53374,6.4956799215658965
Flame & Fang,7.055006779256039,7.168809208333316,6.327764,7.166042215557354,5.60199,6.929405550786678
"Hastings, 1066",6.928019034481204,6.6858117400000046,6.37908,7.146661778187249,5.55684,6.7848931381671145
New York Kings,6.66844170971035,6.983817818146517,6.294134,6.615976975523233,5.51949,6.6405926258450245
Pictionary: Party Edition,6.430149529505777,5.962607959999996,5.813338,6.575642836500222,5.5351,6.195434581501498
Molecular: The Strategic Chemistry Tile Game,6.577990652584676,6.838743456666678,6.528868,6.666029959444136,5.49184,6.652908017173872
Dust 1947,6.983699024936537,7.075828299365087,7.002477999999999,7.123718120524848,5.59727,7.046430861206618
TriATri,5.944225327996091,6.554819540000012,6.19084,6.521042910939391,5.48592,6.302731944733873
Haslach 1805 / Elchingen 1805,6.7388349863274835,6.947994893853478,6.046904,6.720578502794247,5.5366,6.613578095743803
"Operation Battleaxe:  Wavell vs. Rommel, 1941",6.594896612421547,6.7363208181440735,6.82499,6.851550730615317,5.60331,6.7519395402952345
Starfall,7.115599092998586,6.983342839999997,5.94917,6.948816841226469,5.53255,6.749232193556264
Dino Tricks,6.496434011187165,6.006548513043463,6.608674000000001,7.038007530504251,5.5497,6.537416013683719
The Game of Crown and Anchor,6.252137684194479,5.77275959999999,6.5746080000000005,6.431601089358245,5.47615,6.257776593388179
Cartino,6.179632653146037,5.5606460130434705,6.514767999999999,6.001493071683259,5.50607,6.064134934468192
Conspiracy!,6.475728542179417,6.888037048561089,6.048247999999999,6.2222111863552225,5.54085,6.408556194273933
Vulkan!,6.654746552955668,6.572455713587294,6.4078159999999995,6.307164400242348,5.51354,6.485545666696327
The Game of Saying 'Huh?!',5.870766388227223,6.294972859999997,6.287676,6.056234184407797,5.51213,6.127412358158754
Tabriz,6.579548596767097,6.976251500000009,6.363452,6.901503311499271,5.53975,6.705188852066595
Sitting Ducks Deluxe,6.269686882999499,6.378814300000005,6.145478,6.1065198495721065,5.5294,6.225124758142902
Die Glücksritter,6.263923966420272,6.180590969999996,6.504748000000001,6.279493333155749,5.51172,6.307189067394004
Pipe Work,6.180269915856281,6.369386921176479,6.706336,6.457714033566296,5.50797,6.428426717649764
Monster Maker,5.8264555002460945,6.0633428307692245,6.534196,5.729065075092151,5.47633,6.0382648515268675
1888-N,7.052433999462019,7.436160499999999,6.6600340000000005,6.9799672516768165,5.57182,7.032148937784708
Starry Night Sky,7.047681658586639,6.999995626666665,6.36522,7.005848569931578,5.59659,6.85468646379622
C.S.A. America's Civil War 1861-1865,6.795299640992603,6.7766492661111215,6.572571999999999,7.1471836208786685,5.51788,6.822926131995598
Dice Stack,6.460069189624563,6.491693760000006,6.391154,6.308486585836715,5.49951,6.412850883865321
ElfBall,6.706391668021336,6.935109804920635,6.689189999999999,6.750661975744724,5.53614,6.770338362171674
Master Quiz,6.127354768484331,5.630278673043486,6.196754,6.33965548504421,5.49693,6.073510731643006
Palaces,6.870210261760349,6.758304237843134,6.31809,6.793688481759927,5.516,6.685073245340852
Anxiety Attack!,6.0359211669594925,6.568770961176474,6.275248,6.603203636085562,5.50257,6.370785941055383
Grass is Greener,6.493180210908016,6.844059280000008,6.422432000000001,6.258975214134075,5.52244,6.504661676260525
Logo Party,6.236905510806955,6.503408281176475,6.235832,6.498310834475219,5.47962,6.368614156614663
"Fornovo 1495: Dawn of the Italian Wars, 1495-1525",6.9307507324536255,7.228775433333326,6.3235280000000005,6.883165772201021,5.52102,6.841554984496994
Zargos,6.895547916461014,6.7413439884444495,6.1404179999999995,6.684291913896059,5.54864,6.6154004547003815
Overworld,6.5725246022059665,7.070357059999996,6.617552000000001,6.750683617463766,5.53735,6.7527793199174315
